-- phpMyAdmin SQL Dump
-- version 4.8.2
-- https://www.phpmyadmin.net/
--
-- Host: db
-- Generation Time: Oct 12, 2018 at 06:47 PM
-- Server version: 5.7.23
-- PHP Version: 7.2.6

SET SQL_MODE = "NO_AUTO_VALUE_ON_ZERO";
SET AUTOCOMMIT = 0;
START TRANSACTION;
SET time_zone = "+00:00";


/*!40101 SET @OLD_CHARACTER_SET_CLIENT=@@CHARACTER_SET_CLIENT */;
/*!40101 SET @OLD_CHARACTER_SET_RESULTS=@@CHARACTER_SET_RESULTS */;
/*!40101 SET @OLD_COLLATION_CONNECTION=@@COLLATION_CONNECTION */;
/*!40101 SET NAMES utf8mb4 */;

--
-- Database: `quiz`
--

-- --------------------------------------------------------

--
-- Table structure for table `answers`
--

CREATE TABLE `answers` (
  `id` int(11) NOT NULL,
  `question_id` int(11) NOT NULL,
  `answer` text NOT NULL,
  `is_correct` tinyint(1) NOT NULL DEFAULT '0'
) ENGINE=InnoDB DEFAULT CHARSET=utf8;

--
-- Dumping data for table `answers`
--

INSERT INTO `answers` (`id`, `question_id`, `answer`, `is_correct`) VALUES
(1, 1, 'Title Examiner', 0),
(2, 1, 'Caption Writer', 0),
(3, 1, 'Recreation and Fitness Studies Teacher', 0),
(4, 1, 'Clerk', 0),
(5, 1, 'Crushing Grinding Machine Operator', 0),
(6, 1, 'Prosthodontist', 0),
(7, 1, 'Postmasters', 0),
(8, 1, 'Purchasing Manager', 1),
(9, 1, 'Meter Mechanic', 0),
(10, 1, 'Reporters OR Correspondent', 0),
(11, 1, 'Host and Hostess', 0),
(12, 2, '9', 0),
(13, 2, '146', 0),
(14, 2, '9309776', 0),
(15, 2, '376', 1),
(16, 2, '135210', 0),
(17, 2, '639420490', 0),
(18, 2, '303', 0),
(19, 2, '19562', 0),
(20, 2, '720', 0),
(21, 2, '68', 0),
(22, 3, 'Minnesota', 0),
(23, 3, 'South Dakota', 0),
(24, 3, 'Kentucky', 0),
(25, 3, 'Arizona', 0),
(26, 3, 'Arizona', 0),
(27, 3, 'Idaho', 0),
(28, 3, 'Maryland', 1),
(29, 3, 'New Hampshire', 0),
(30, 4, 'East Fridachester', 0),
(31, 4, 'New Alexandrinebury', 0),
(32, 4, 'North Neal', 0),
(33, 4, 'East Lottieberg', 0),
(34, 4, 'East Zakary', 0),
(35, 4, 'Lake Velda', 0),
(36, 4, 'Gleichnerport', 0),
(37, 4, 'Gleichnerview', 1),
(38, 4, 'West Zita', 0),
(39, 4, 'Lake Caleb', 0),
(40, 4, 'Kutchstad', 0),
(41, 5, 'Molding Machine Operator', 0),
(42, 5, 'Sociology Teacher', 0),
(43, 5, 'Photographer', 0),
(44, 5, 'Procurement Clerk', 0),
(45, 5, 'Boat Builder and Shipwright', 0),
(46, 5, 'Respiratory Therapy Technician', 0),
(47, 5, 'Sociology Teacher', 1),
(48, 6, 'Adjustment Clerk', 1),
(49, 6, 'Audio-Visual Collections Specialist', 0),
(50, 6, 'Interviewer', 0),
(51, 6, 'Cutting Machine Operator', 0),
(52, 6, 'Financial Services Sales Agent', 0),
(53, 6, 'Writer OR Author', 0),
(54, 6, 'Recreation and Fitness Studies Teacher', 0),
(55, 6, 'Probation Officers and Correctional Treatment Specialist', 0),
(56, 6, 'Nutritionist', 0),
(57, 7, 'voluptatibus', 0),
(58, 7, 'maxime', 0),
(59, 7, 'recusandae', 0),
(60, 7, 'dicta', 0),
(61, 7, 'sequi', 0),
(62, 7, 'veniam', 1),
(63, 8, 'Elizabeth Wyman V', 0),
(64, 8, 'Miss Cordia Shields', 1),
(65, 8, 'Jeanette Sipes', 0),
(66, 8, 'Burdette Batz', 0),
(67, 9, 'Kansas', 0),
(68, 9, 'Hawaii', 0),
(69, 9, 'Connecticut', 1),
(70, 9, 'Wyoming', 0),
(71, 9, 'New York', 0),
(72, 9, 'District of Columbia', 0),
(73, 9, 'Montana', 0),
(74, 10, 'Professional Photographer', 1),
(75, 10, 'Aircraft Rigging Assembler', 0),
(76, 10, 'Waitress', 0),
(77, 10, 'Night Shift', 0),
(78, 10, 'Law Teacher', 0),
(79, 10, 'Embalmer', 0),
(80, 10, 'Interior Designer', 0),
(81, 10, 'Music Arranger and Orchestrator', 0),
(82, 10, 'Command Control Center Officer', 0),
(83, 10, 'Electrolytic Plating Machine Operator', 0),
(84, 10, 'Welder-Fitter', 0),
(85, 11, 'Lucy Cummings', 0),
(86, 11, 'Prof. Erich Wilderman II', 1),
(87, 11, 'Verna Jacobson', 0),
(88, 12, 'Bode Well', 0),
(89, 12, 'Schuster Tunnel', 0),
(90, 12, 'Eden Crescent', 0),
(91, 12, 'Kilback Port', 0),
(92, 12, 'Klocko Extensions', 1),
(93, 12, 'McKenzie Rue', 0),
(94, 12, 'Parker Dam', 0),
(95, 13, 'Insurance Claims Clerk', 0),
(96, 13, 'Manager of Air Crew', 0),
(97, 13, 'Engine Assembler', 0),
(98, 13, 'License Clerk', 0),
(99, 13, 'Fire Fighter', 0),
(100, 13, 'Aircraft Assembler', 0),
(101, 13, 'Gaming Dealer', 1),
(102, 13, 'Public Relations Specialist', 0),
(103, 13, 'Barber', 0),
(104, 14, 'Dennis Wiza', 1),
(105, 14, 'Rafael Rath Jr.', 0),
(106, 15, 'North Dakota', 1),
(107, 15, 'California', 0),
(108, 15, 'Delaware', 0),
(109, 15, 'Georgia', 0),
(110, 15, 'Mississippi', 0),
(111, 16, 'New Jersey', 0),
(112, 16, 'Wisconsin', 0),
(113, 16, 'Minnesota', 0),
(114, 16, 'Delaware', 0),
(115, 16, 'Oklahoma', 1),
(116, 16, 'New Hampshire', 0),
(117, 17, '2604', 0),
(118, 17, '863', 1),
(119, 17, '378', 0),
(120, 18, 'Kerlukeview', 0),
(121, 18, 'Zackeryhaven', 0),
(122, 18, 'Malcolmfurt', 1),
(123, 19, 'Seychelles', 1),
(124, 19, 'Pakistan', 0),
(125, 19, 'Andorra', 0),
(126, 19, 'Lao People\'s Democratic Republic', 0),
(127, 19, 'British Indian Ocean Territory (Chagos Archipelago)', 0),
(128, 19, 'Nepal', 0),
(129, 20, 'Minnesota', 0),
(130, 20, 'North Carolina', 1),
(131, 20, 'Montana', 0),
(132, 21, 'Washington', 0),
(133, 21, 'Wisconsin', 0),
(134, 21, 'Ohio', 1),
(135, 21, 'West Virginia', 0),
(136, 21, 'Tennessee', 0),
(137, 21, 'Kansas', 0),
(138, 21, 'Texas', 0),
(139, 21, 'Nebraska', 0),
(140, 21, 'South Carolina', 0),
(141, 21, 'Washington', 0),
(142, 22, 'Piperberg', 0),
(143, 22, 'Johathanborough', 0),
(144, 22, 'Gusikowskiville', 0),
(145, 22, 'Mayertbury', 0),
(146, 22, 'Lake Elyssaborough', 0),
(147, 22, 'Jalynburgh', 0),
(148, 22, 'North Willow', 0),
(149, 22, 'Medhursthaven', 0),
(150, 22, 'Elodyberg', 0),
(151, 22, 'Parkerton', 1),
(152, 23, 'Myrtice Jacobson', 0),
(153, 23, 'Ahmed Bailey', 0),
(154, 23, 'Milan Considine', 0),
(155, 23, 'Evert Mayert', 0),
(156, 23, 'Dr. Colby Haag I', 0),
(157, 23, 'Dangelo Collins', 0),
(158, 23, 'Kasey Cummings', 1),
(159, 23, 'Savanna Flatley MD', 0),
(160, 23, 'Ana Renner', 0),
(161, 23, 'Mr. Narciso Haley', 0),
(162, 23, 'Federico Mayer V', 0),
(163, 24, 'hic', 0),
(164, 24, 'maxime', 1),
(165, 25, 'New Lillieton', 1),
(166, 25, 'West Mallie', 0),
(167, 25, 'East Vickie', 0),
(168, 26, '0', 0),
(169, 26, '85295456', 0),
(170, 26, '2850', 1),
(171, 26, '63649788', 0),
(172, 27, 'Windlerbury', 1),
(173, 27, 'New Charlesburgh', 0),
(174, 27, 'Reichelfort', 0),
(175, 28, 'Roofer', 0),
(176, 28, 'Production Planning', 0),
(177, 28, 'Pastry Chef', 0),
(178, 28, 'Butcher', 1),
(179, 28, 'Animal Trainer', 0),
(180, 28, 'Plant and System Operator', 0),
(181, 29, '682.338.0702 x2214', 1),
(182, 29, '986.239.9454 x974', 0),
(183, 29, '516-525-8330', 0),
(184, 29, '521.712.4976 x32533', 0),
(185, 29, '782.796.0220', 0),
(186, 29, '462-325-2141 x1751', 0),
(187, 29, '+1-225-488-4994', 0),
(188, 29, '506.554.3299 x39168', 0),
(189, 29, '1-386-531-9804 x98547', 0),
(190, 29, '+1.795.673.6613', 0),
(191, 30, 'Czech Republic', 0),
(192, 30, 'Chad', 0),
(193, 30, 'Saint Barthelemy', 0),
(194, 30, 'Mali', 0),
(195, 30, 'Samoa', 0),
(196, 30, 'Canada', 0),
(197, 30, 'Mayotte', 0),
(198, 30, 'Heard Island and McDonald Islands', 0),
(199, 30, 'Romania', 1),
(200, 30, 'French Guiana', 0),
(201, 31, 'qui', 0),
(202, 31, 'eos', 0),
(203, 31, 'saepe', 0),
(204, 31, 'est', 0),
(205, 31, 'quia', 0),
(206, 31, 'non', 0),
(207, 31, 'recusandae', 0),
(208, 31, 'assumenda', 0),
(209, 31, 'doloribus', 1),
(210, 32, '597999', 0),
(211, 32, '1', 1),
(212, 33, 'Security Systems Installer OR Fire Alarm Systems Installer', 1),
(213, 33, 'Gas Appliance Repairer', 0),
(214, 33, 'Tax Preparer', 0),
(215, 33, 'Automotive Master Mechanic', 0),
(216, 33, 'Supervisor of Police', 0),
(217, 33, 'Computer Operator', 0),
(218, 33, 'Talent Acquisition Manager', 0),
(219, 34, 'Krajcikhaven', 0),
(220, 34, 'Port Baileeville', 0),
(221, 34, 'Darienfort', 0),
(222, 34, 'Hodkiewiczside', 0),
(223, 34, 'Georgemouth', 0),
(224, 34, 'South Ariannaburgh', 0),
(225, 34, 'Kaileyville', 0),
(226, 34, 'South Leola', 0),
(227, 34, 'Port Thelma', 1),
(228, 34, 'South Euna', 0),
(229, 35, 'Pennsylvania', 0),
(230, 35, 'Montana', 0),
(231, 35, 'Ohio', 0),
(232, 35, 'Oregon', 0),
(233, 35, 'Alabama', 1),
(234, 35, 'Arizona', 0),
(235, 36, 'Davonte Stravenue', 0),
(236, 36, 'Kutch Hollow', 0),
(237, 36, 'Melany Park', 0),
(238, 36, 'Schinner Brook', 0),
(239, 36, 'Rhea Burgs', 1),
(240, 36, 'Spinka Ports', 0),
(241, 37, 'Gaylordbury', 0),
(242, 37, 'Lake Jenniferview', 0),
(243, 37, 'South Loy', 0),
(244, 37, 'Kenyastad', 1),
(245, 38, 'Photographic Processing Machine Operator', 0),
(246, 38, 'Short Order Cook', 0),
(247, 38, 'Child Care Worker', 0),
(248, 38, 'Paper Goods Machine Operator', 0),
(249, 38, 'Healthcare', 0),
(250, 38, 'Shear Machine Set-Up Operator', 1),
(251, 38, 'Wellhead Pumper', 0),
(252, 38, 'Casting Machine Operator', 0),
(253, 38, 'Armored Assault Vehicle Officer', 0),
(254, 39, 'Estonia', 0),
(255, 39, 'Ethiopia', 0),
(256, 39, 'Saint Vincent and the Grenadines', 0),
(257, 39, 'Benin', 0),
(258, 39, 'Andorra', 0),
(259, 39, 'Burkina Faso', 0),
(260, 39, 'Jamaica', 1),
(261, 40, 'Robyn Mill', 1),
(262, 40, 'Asia Loop', 0),
(263, 40, 'Bobby Squares', 0),
(264, 40, 'Kohler Flats', 0),
(265, 40, 'Krajcik Hill', 0),
(266, 40, 'Zieme Village', 0),
(267, 40, 'Barrows Plain', 0),
(268, 40, 'Idella Motorway', 0),
(269, 41, 'Palestinian Territories', 0),
(270, 41, 'Germany', 0),
(271, 41, 'Philippines', 0),
(272, 41, 'Brazil', 0),
(273, 41, 'Aruba', 0),
(274, 41, 'Montenegro', 1),
(275, 41, 'Malawi', 0),
(276, 41, 'Jamaica', 0),
(277, 41, 'Ghana', 0),
(278, 41, 'Singapore', 0),
(279, 41, 'Belize', 0),
(280, 42, 'est', 0),
(281, 42, 'cupiditate', 0),
(282, 42, 'voluptas', 0),
(283, 42, 'consequatur', 0),
(284, 42, 'velit', 0),
(285, 42, 'architecto', 0),
(286, 42, 'voluptatem', 0),
(287, 42, 'aut', 0),
(288, 42, 'cupiditate', 1),
(289, 43, '10257706', 0),
(290, 43, '556031', 1),
(291, 43, '5482', 0),
(292, 43, '3860', 0),
(293, 43, '9849870', 0),
(294, 43, '328414530', 0),
(295, 43, '1', 0),
(296, 43, '8841825', 0),
(297, 43, '99669', 0),
(298, 43, '6', 0),
(299, 43, '9', 0),
(300, 44, 'Building Inspector', 0),
(301, 44, 'Transportation Worker', 0),
(302, 44, 'Order Clerk', 0),
(303, 44, 'Production Manager', 0),
(304, 44, 'Commercial and Industrial Designer', 0),
(305, 44, 'Cartographer', 1),
(306, 45, 'Stonemason', 0),
(307, 45, 'Material Moving Worker', 0),
(308, 45, 'Audiologist', 0),
(309, 45, 'Broadcast News Analyst', 1),
(310, 45, 'Production Inspector', 0),
(311, 46, '1-754-879-1569 x0889', 0),
(312, 46, '(240) 924-7309 x60066', 0),
(313, 46, '528.254.4693 x8431', 1),
(314, 46, '702-763-4611 x1016', 0),
(315, 46, '509.292.8773', 0),
(316, 46, '(579) 598-9537', 0),
(317, 47, 'Maine', 1),
(318, 47, 'Connecticut', 0),
(319, 47, 'California', 0),
(320, 47, 'Alabama', 0),
(321, 47, 'California', 0),
(322, 47, 'Ohio', 0),
(323, 47, 'Tennessee', 0),
(324, 47, 'North Carolina', 0),
(325, 47, 'Oregon', 0),
(326, 48, '736009123', 0),
(327, 48, '3', 0),
(328, 48, '783', 0),
(329, 48, '9426', 0),
(330, 48, '518668224', 0),
(331, 48, '9', 0),
(332, 48, '237923939', 1),
(333, 49, 'Diego Lowe', 0),
(334, 49, 'Rhoda Lubowitz DVM', 0),
(335, 49, 'Nicolas Legros', 0),
(336, 49, 'Verdie Prosacco', 0),
(337, 49, 'Webster Kuhlman', 1),
(338, 49, 'Ashtyn Gusikowski', 0),
(339, 49, 'Pinkie Bartoletti', 0),
(340, 49, 'Jarod Dietrich', 0),
(341, 49, 'Westley Jacobs', 0),
(342, 50, 'Nelda Bode', 0),
(343, 50, 'Rebeka Leuschke MD', 1),
(344, 51, 'Brazil', 0),
(345, 51, 'Singapore', 0),
(346, 51, 'Portugal', 0),
(347, 51, 'Liberia', 0),
(348, 51, 'Madagascar', 0),
(349, 51, 'Uganda', 0),
(350, 51, 'Switzerland', 0),
(351, 51, 'United Arab Emirates', 0),
(352, 51, 'Singapore', 1),
(353, 51, 'Mayotte', 0),
(354, 52, 'sql', 1),
(355, 52, 'dotx', 0),
(356, 52, 'rdz', 0),
(357, 52, 'wml', 0),
(358, 52, 'twds', 0),
(359, 52, 'ott', 0),
(360, 52, '3ds', 0),
(361, 52, 'cab', 0),
(362, 53, '532-860-9678', 1),
(363, 53, '+1-391-498-9495', 0),
(364, 53, '+12146665216', 0),
(365, 53, '785.823.3167', 0),
(366, 53, '630-864-8266', 0),
(367, 53, '(704) 752-4028 x8413', 0),
(368, 53, '908-578-8017', 0),
(369, 53, '418-451-6596', 0),
(370, 53, '979.741.7723 x253', 0),
(371, 54, 'Vena Heaney', 1),
(372, 54, 'Elinore Howell', 0),
(373, 54, 'Lafayette Klocko', 0),
(374, 54, 'Sister Runolfsson', 0),
(375, 54, 'Kaitlin Armstrong Sr.', 0),
(376, 54, 'Shanna Armstrong', 0),
(377, 54, 'Melody Runte', 0),
(378, 54, 'Gunnar Carter', 0),
(379, 55, '1-803-516-1241 x992', 0),
(380, 55, '1-726-261-3383 x93447', 1),
(381, 55, '447-606-0346', 0),
(382, 55, '719-477-4079', 0),
(383, 56, '77700', 1),
(384, 56, '7', 0),
(385, 56, '21181', 0),
(386, 56, '261716754', 0),
(387, 56, '4568056', 0),
(388, 56, '54497', 0),
(389, 56, '66058', 0),
(390, 57, 'Savanna Mall', 0),
(391, 57, 'Watson Road', 1),
(392, 57, 'Hoeger Drive', 0),
(393, 57, 'Althea Islands', 0),
(394, 57, 'Barney Estates', 0),
(395, 57, 'Effertz Ways', 0),
(396, 57, 'Heaney Square', 0),
(397, 57, 'Lazaro Forges', 0),
(398, 57, 'Morissette Place', 0),
(399, 57, 'Lily Hill', 0),
(400, 58, 'mxs', 0),
(401, 58, 'skp', 1),
(402, 58, '3gp', 0),
(403, 58, 'ait', 0),
(404, 58, 'tsv', 0),
(405, 58, 'm1v', 0),
(406, 59, 'Directory Assistance Operator', 0),
(407, 59, 'Secondary School Teacher', 0),
(408, 59, 'Electrical and Electronics Drafter', 0),
(409, 59, 'Log Grader and Scaler', 0),
(410, 59, 'Cleaners of Vehicles', 1),
(411, 60, 'Panama', 0),
(412, 60, 'Guyana', 1),
(413, 61, 'officiis', 0),
(414, 61, 'et', 1),
(415, 62, 'Destiney Ports', 0),
(416, 62, 'Pouros Gateway', 1),
(417, 62, 'Mathias Spurs', 0),
(418, 62, 'Renner Harbor', 0),
(419, 63, 'South Marty', 0),
(420, 63, 'West Evalynview', 1),
(421, 63, 'Katelynnburgh', 0),
(422, 63, 'Port Estellastad', 0),
(423, 64, 'ducimus', 0),
(424, 64, 'dolor', 0),
(425, 64, 'molestias', 0),
(426, 64, 'quo', 0),
(427, 64, 'assumenda', 0),
(428, 64, 'numquam', 0),
(429, 64, 'repellat', 0),
(430, 64, 'placeat', 1),
(431, 64, 'et', 0),
(432, 64, 'architecto', 0),
(433, 65, 'Hansenside', 1),
(434, 65, 'Ottoland', 0),
(435, 65, 'Kelsimouth', 0),
(436, 66, 'Oklahoma', 0),
(437, 66, 'Alaska', 0),
(438, 66, 'Maryland', 0),
(439, 66, 'New Jersey', 0),
(440, 66, 'Oklahoma', 0),
(441, 66, 'Nevada', 0),
(442, 66, 'Georgia', 0),
(443, 66, 'Oregon', 1),
(444, 66, 'Nevada', 0),
(445, 67, 'Buffing and Polishing Operator', 1),
(446, 67, 'Reservation Agent OR Transportation Ticket Agent', 0),
(447, 67, 'Occupational Therapist Assistant', 0),
(448, 67, 'Buffing and Polishing Operator', 0),
(449, 67, 'Home Entertainment Equipment Installer', 0),
(450, 67, 'Bookkeeper', 0),
(451, 67, 'Umpire and Referee', 0),
(452, 67, 'Plasterer OR Stucco Mason', 0),
(453, 67, 'Mining Engineer OR Geological Engineer', 0),
(454, 68, '7', 0),
(455, 68, '282938176', 0),
(456, 68, '0', 0),
(457, 68, '155315939', 0),
(458, 68, '5249259', 1),
(459, 68, '83793', 0),
(460, 68, '99421237', 0),
(461, 68, '88504817', 0),
(462, 68, '682', 0),
(463, 68, '18', 0),
(464, 69, 'Blakeport', 1),
(465, 69, 'Port Tyrellburgh', 0),
(466, 69, 'Maxineborough', 0),
(467, 69, 'Krajcikmouth', 0),
(468, 69, 'Lake Lawrenceburgh', 0),
(469, 69, 'Lake Brennaville', 0),
(470, 70, '(315) 606-5106 x05495', 0),
(471, 70, '1-462-595-5011', 0),
(472, 70, '(762) 741-2221', 1),
(473, 70, '+1-347-363-9006', 0),
(474, 71, 'Kansas', 0),
(475, 71, 'New Jersey', 0),
(476, 71, 'Maine', 0),
(477, 71, 'Iowa', 0),
(478, 71, 'Indiana', 0),
(479, 71, 'Illinois', 0),
(480, 71, 'Pennsylvania', 1),
(481, 72, '5417', 0),
(482, 72, '586454', 0),
(483, 72, '16778', 1),
(484, 72, '52380', 0),
(485, 72, '375', 0),
(486, 72, '6444946', 0),
(487, 72, '3', 0),
(488, 72, '51018', 0),
(489, 72, '6226449', 0),
(490, 72, '2', 0),
(491, 73, 'uoml', 0),
(492, 73, 'ris', 0),
(493, 73, 'ssf', 1),
(494, 73, 'hdf', 0),
(495, 73, 'kpr', 0),
(496, 74, 'Alden Pines', 0),
(497, 74, 'Raymond Spurs', 0),
(498, 74, 'Hellen Expressway', 0),
(499, 74, 'Zack Well', 0),
(500, 74, 'Walker Fork', 0),
(501, 74, 'Krystal Shore', 0),
(502, 74, 'Koss Harbor', 0),
(503, 74, 'Gretchen Meadows', 0),
(504, 74, 'Buck Bridge', 0),
(505, 74, 'Brionna Neck', 0),
(506, 74, 'Jordan Harbor', 1),
(507, 75, 'Domingo Waters', 0),
(508, 75, 'Dr. Bryana Harris DDS', 0),
(509, 75, 'Golda Lehner Sr.', 0),
(510, 75, 'Mr. Carmelo Emmerich', 0),
(511, 75, 'Dolores Schulist', 1),
(512, 76, '782', 1),
(513, 76, '81', 0),
(514, 76, '25119', 0),
(515, 76, '355962641', 0),
(516, 76, '512', 0),
(517, 77, 'mng', 1),
(518, 77, 'cod', 0),
(519, 78, '984827006', 0),
(520, 78, '861779203', 0),
(521, 78, '68384', 0),
(522, 78, '491', 0),
(523, 78, '3', 0),
(524, 78, '805', 0),
(525, 78, '84961', 1),
(526, 78, '25', 0),
(527, 78, '85830', 0),
(528, 79, 'Lake Syblemouth', 0),
(529, 79, 'North Jeremy', 0),
(530, 79, 'South Kathlyntown', 0),
(531, 79, 'Eliseoport', 1),
(532, 79, 'Port Macie', 0),
(533, 80, 'exercitationem', 0),
(534, 80, 'facilis', 0),
(535, 80, 'quo', 0),
(536, 80, 'qui', 0),
(537, 80, 'sed', 0),
(538, 80, 'iusto', 1),
(539, 80, 'dolores', 0),
(540, 80, 'est', 0),
(541, 80, 'ut', 0),
(542, 80, 'nam', 0),
(543, 81, 'Oregon', 1),
(544, 81, 'New Mexico', 0),
(545, 81, 'Georgia', 0),
(546, 81, 'Nebraska', 0),
(547, 82, 'Embalmer', 1),
(548, 82, 'Cashier', 0),
(549, 83, 'Panama', 0),
(550, 83, 'El Salvador', 0),
(551, 83, 'Panama', 0),
(552, 83, 'Nigeria', 0),
(553, 83, 'Hungary', 1),
(554, 84, 'Steve Zboncak DVM', 0),
(555, 84, 'Brook Huel', 1),
(556, 84, 'Neoma Russel', 0),
(557, 84, 'Miss Gwendolyn Keeling', 0),
(558, 84, 'Linwood Bogisich', 0),
(559, 84, 'Florine Dickens', 0),
(560, 84, 'Jadyn Kozey', 0),
(561, 84, 'Mabel Smith', 0),
(562, 85, 'djv', 0),
(563, 85, 'xop', 0),
(564, 85, 'mka', 1),
(565, 86, '(794) 359-5756 x27958', 0),
(566, 86, '(789) 998-0665', 0),
(567, 86, '+1 (882) 875-6353', 1),
(568, 86, '(538) 783-8938', 0),
(569, 86, '+1.994.844.1483', 0),
(570, 86, '1-872-823-8935 x33816', 0),
(571, 86, '+1-440-923-1010', 0),
(572, 87, 'Social Science Research Assistant', 0),
(573, 87, 'Social Worker', 0),
(574, 87, 'Logging Tractor Operator', 1),
(575, 88, '152847', 0),
(576, 88, '40152674', 0),
(577, 88, '957665756', 0),
(578, 88, '69282', 0),
(579, 88, '783', 0),
(580, 88, '3153118', 0),
(581, 88, '873049', 1),
(582, 88, '1159013', 0),
(583, 89, 'New Armand', 0),
(584, 89, 'North Demondfort', 0),
(585, 89, 'South Judge', 0),
(586, 89, 'Port Gayport', 0),
(587, 89, 'East Shainafurt', 0),
(588, 89, 'Erickburgh', 0),
(589, 89, 'Lake Lexie', 1),
(590, 89, 'Khalidfurt', 0),
(591, 90, 'Guinea-Bissau', 0),
(592, 90, 'Papua New Guinea', 0),
(593, 90, 'Cocos (Keeling) Islands', 0),
(594, 90, 'Cocos (Keeling) Islands', 0),
(595, 90, 'Chile', 0),
(596, 90, 'Korea', 0),
(597, 90, 'Thailand', 0),
(598, 90, 'United States Virgin Islands', 1),
(599, 90, 'Netherlands Antilles', 0),
(600, 91, 'Barrows Cape', 0),
(601, 91, 'Petra Junction', 0),
(602, 91, 'Wyman Greens', 0),
(603, 91, 'Bogisich Cape', 0),
(604, 91, 'Stefan Street', 0),
(605, 91, 'Damian Mills', 0),
(606, 91, 'Kane Port', 0),
(607, 91, 'Octavia Unions', 0),
(608, 91, 'Edward Parkway', 0),
(609, 91, 'Wolf Isle', 0),
(610, 91, 'Lilyan Locks', 1),
(611, 92, '63601683', 0),
(612, 92, '97129', 1),
(613, 92, '385590', 0),
(614, 92, '1130922', 0),
(615, 92, '676', 0),
(616, 92, '23', 0),
(617, 92, '741505', 0),
(618, 92, '4243595', 0),
(619, 92, '47484', 0),
(620, 92, '7621', 0),
(621, 92, '63318319', 0),
(622, 93, 'North Avery', 0),
(623, 93, 'Lake Gardner', 0),
(624, 93, 'Brianneberg', 1),
(625, 93, 'Lake Tiara', 0),
(626, 93, 'Lake Laurinechester', 0),
(627, 93, 'Dillonville', 0),
(628, 94, 'Aruba', 1),
(629, 94, 'Niger', 0),
(630, 94, 'Mauritania', 0),
(631, 94, 'Gibraltar', 0),
(632, 95, 'Lake Janelle', 0),
(633, 95, 'Marceloberg', 0),
(634, 95, 'Schulistburgh', 0),
(635, 95, 'Myahmouth', 0),
(636, 95, 'West Josuehaven', 0),
(637, 95, 'Kuphalburgh', 0),
(638, 95, 'New Kylafurt', 1),
(639, 95, 'Tyratown', 0),
(640, 95, 'South Dina', 0),
(641, 96, 'Jevon Course', 0),
(642, 96, 'Wiza Prairie', 0),
(643, 96, 'Kim Fork', 1),
(644, 97, '1', 0),
(645, 97, '30', 1),
(646, 97, '27705', 0),
(647, 97, '794', 0),
(648, 97, '60247121', 0),
(649, 97, '501903763', 0),
(650, 98, '(587) 240-0736', 0),
(651, 98, '838.367.1389', 0),
(652, 98, '929.753.5849', 1),
(653, 98, '1-729-458-8815 x812', 0),
(654, 98, '1-860-694-5803 x5951', 0),
(655, 98, '1-540-930-2185 x652', 0),
(656, 98, '+1 (841) 687-8136', 0),
(657, 98, '549-527-1570 x5031', 0),
(658, 98, '457.839.6122 x180', 0),
(659, 99, 'Nepal', 0),
(660, 99, 'Madagascar', 1),
(661, 99, 'Panama', 0),
(662, 100, 'Pink Watsica', 0),
(663, 100, 'Mr. Michale Weber III', 0),
(664, 100, 'Carmela Lemke', 1),
(665, 100, 'Daron Vandervort', 0),
(666, 100, 'Willa Breitenberg', 0),
(667, 100, 'Gregoria Ernser', 0),
(668, 100, 'Vern Dickens', 0),
(669, 100, 'Mr. Cooper Ziemann', 0),
(670, 100, 'Davin Kuvalis', 0),
(671, 101, 'sunt', 0),
(672, 101, 'maiores', 0),
(673, 101, 'dolorem', 0),
(674, 101, 'ut', 0),
(675, 101, 'cumque', 0),
(676, 101, 'corporis', 0),
(677, 101, 'ut', 0),
(678, 101, 'corrupti', 0),
(679, 101, 'ut', 0),
(680, 101, 'repellendus', 1),
(681, 102, 'nesciunt', 1),
(682, 102, 'qui', 0),
(683, 103, '(462) 784-4014 x5501', 0),
(684, 103, '+19968281119', 0),
(685, 103, '1-638-667-8962 x46864', 0),
(686, 103, '348.332.0514 x6987', 0),
(687, 103, '1-872-550-1800 x8714', 0),
(688, 103, '897.722.2043 x137', 1),
(689, 104, 'Bosnia and Herzegovina', 0),
(690, 104, 'Mali', 1),
(691, 105, 'Delaware', 0),
(692, 105, 'South Carolina', 0),
(693, 105, 'Alaska', 0),
(694, 105, 'Alabama', 0),
(695, 105, 'New Jersey', 0),
(696, 105, 'North Dakota', 1),
(697, 105, 'Montana', 0),
(698, 105, 'South Carolina', 0),
(699, 105, 'Idaho', 0),
(700, 105, 'Pennsylvania', 0),
(701, 105, 'Wyoming', 0),
(702, 106, 'laborum', 0),
(703, 106, 'qui', 0),
(704, 106, 'eum', 0),
(705, 106, 'quae', 0),
(706, 106, 'eaque', 1),
(707, 107, '1-283-776-0436', 0),
(708, 107, '(486) 405-5861', 0),
(709, 107, '+1.770.851.3797', 0),
(710, 107, '(391) 315-6354 x8870', 0),
(711, 107, '(465) 269-0223 x74324', 0),
(712, 107, '1-552-300-0160 x708', 0),
(713, 107, '847-968-6406 x5590', 0),
(714, 107, '(684) 498-5537 x640', 0),
(715, 107, '1-667-964-8156', 0),
(716, 107, '426.854.0690', 1),
(717, 108, 'Prof. Presley Emmerich V', 0),
(718, 108, 'Scot Cummerata', 1),
(719, 108, 'Wilhelmine Ullrich', 0),
(720, 108, 'Ezequiel Herman', 0),
(721, 109, 'Molding and Casting Worker', 0),
(722, 109, 'Paste-Up Worker', 0),
(723, 109, 'Computer Science Teacher', 0),
(724, 109, 'Criminal Investigator', 0),
(725, 109, 'Political Scientist', 0),
(726, 109, 'Grinding Machine Operator', 1),
(727, 109, 'Legal Support Worker', 0),
(728, 110, 'Jettie Hessel V', 0),
(729, 110, 'Kenneth Rohan', 0),
(730, 110, 'Tillman Romaguera', 0),
(731, 110, 'Cierra Cormier MD', 1),
(732, 110, 'Lydia Zulauf', 0),
(733, 111, 'Jerde Manors', 0),
(734, 111, 'Streich Extensions', 1),
(735, 112, 'modi', 0),
(736, 112, 'repellat', 0),
(737, 112, 'aut', 0),
(738, 112, 'fugiat', 0),
(739, 112, 'deleniti', 0),
(740, 112, 'placeat', 0),
(741, 112, 'quisquam', 0),
(742, 112, 'unde', 0),
(743, 112, 'doloribus', 1),
(744, 112, 'qui', 0),
(745, 112, 'numquam', 0),
(746, 113, 'Georgia', 0),
(747, 113, 'Bulgaria', 1),
(748, 113, 'Mongolia', 0),
(749, 113, 'Bangladesh', 0),
(750, 114, 'autem', 1),
(751, 114, 'vel', 0),
(752, 115, 'Raquelberg', 0),
(753, 115, 'Jennyferland', 1),
(754, 115, 'West Jaronville', 0),
(755, 115, 'Kshlerinport', 0),
(756, 115, 'Lake Ayden', 0),
(757, 115, 'Cummeratatown', 0),
(758, 116, 'Panama', 1),
(759, 116, 'Lithuania', 0),
(760, 116, 'Greece', 0),
(761, 116, 'Liechtenstein', 0),
(762, 117, 'gph', 0),
(763, 117, 'svgz', 0),
(764, 117, 'asm', 1),
(765, 117, 'fbs', 0),
(766, 117, 'oth', 0),
(767, 117, 'fdf', 0),
(768, 118, '602-567-2209 x7073', 0),
(769, 118, '516.545.1290', 0),
(770, 118, '+13655813581', 0),
(771, 118, '(917) 665-6681 x62592', 0),
(772, 118, '+1-978-986-1774', 0),
(773, 118, '(721) 212-4014 x467', 0),
(774, 118, '586-232-2221', 1),
(775, 119, '3', 0),
(776, 119, '8309', 0),
(777, 119, '377', 0),
(778, 119, '74', 1),
(779, 119, '970405', 0),
(780, 119, '21', 0),
(781, 119, '538228879', 0),
(782, 120, 'veritatis', 0),
(783, 120, 'sit', 0),
(784, 120, 'omnis', 1),
(785, 120, 'et', 0),
(786, 121, 'Iowa', 0),
(787, 121, 'Maryland', 0),
(788, 121, 'Maryland', 0),
(789, 121, 'West Virginia', 0),
(790, 121, 'North Dakota', 0),
(791, 121, 'Wisconsin', 1),
(792, 121, 'Michigan', 0),
(793, 122, 'Transportation Equipment Painters', 0),
(794, 122, 'Graduate Teaching Assistant', 1),
(795, 122, 'Gas Appliance Repairer', 0),
(796, 122, 'Precision Aircraft Systems Assemblers', 0),
(797, 122, 'Biologist', 0),
(798, 122, 'Data Entry Operator', 0),
(799, 123, 'perspiciatis', 0),
(800, 123, 'voluptatem', 0),
(801, 123, 'quo', 0),
(802, 123, 'sunt', 0),
(803, 123, 'cum', 1),
(804, 124, 'id', 0),
(805, 124, 'doloremque', 0),
(806, 124, 'aut', 0),
(807, 124, 'eligendi', 0),
(808, 124, 'nisi', 1),
(809, 124, 'animi', 0),
(810, 124, 'excepturi', 0),
(811, 124, 'aperiam', 0),
(812, 124, 'vero', 0),
(813, 124, 'ea', 0),
(814, 124, 'dolore', 0),
(815, 125, 'Health Services Manager', 0),
(816, 125, 'Psychiatric Aide', 0),
(817, 125, 'Wholesale Buyer', 0),
(818, 125, 'Welder', 0),
(819, 125, 'Electronic Drafter', 1),
(820, 126, 'Lake Robertbury', 0),
(821, 126, 'West Noemyside', 0),
(822, 126, 'East Talon', 0),
(823, 126, 'North Glennie', 1),
(824, 127, 'South Dakota', 0),
(825, 127, 'Oklahoma', 0),
(826, 127, 'Rhode Island', 0),
(827, 127, 'Colorado', 0),
(828, 127, 'Montana', 1),
(829, 127, 'Delaware', 0),
(830, 127, 'Texas', 0),
(831, 127, 'Delaware', 0),
(832, 127, 'District of Columbia', 0),
(833, 127, 'Texas', 0),
(834, 128, 'Nuclear Power Reactor Operator', 0),
(835, 128, 'Cafeteria Cook', 0),
(836, 128, 'Building Cleaning Worker', 0),
(837, 128, 'Slot Key Person', 1),
(838, 128, 'Pest Control Worker', 0),
(839, 128, 'Tire Builder', 0),
(840, 128, 'Foundry Mold and Coremaker', 0),
(841, 128, 'Food Servers', 0),
(842, 128, 'CEO', 0),
(843, 128, 'Claims Taker', 0),
(844, 129, '7272', 0),
(845, 129, '963238579', 1),
(846, 129, '771', 0),
(847, 129, '228291', 0),
(848, 129, '86452', 0),
(849, 129, '61954682', 0),
(850, 129, '9720', 0),
(851, 129, '14362', 0),
(852, 130, 'Kamren Bailey', 0),
(853, 130, 'Jasper Hessel', 1),
(854, 130, 'Gunnar Glover', 0),
(855, 130, 'Toby Altenwerth', 0),
(856, 130, 'Carolina Tillman', 0),
(857, 130, 'Mrs. Tara Jast III', 0),
(858, 130, 'Jeanne Fisher', 0),
(859, 130, 'Miss Alejandra Rowe', 0),
(860, 131, 'Dooleyport', 0),
(861, 131, 'South Dejuan', 1),
(862, 132, 'xltm', 1),
(863, 132, 't', 0),
(864, 132, 'movie', 0),
(865, 132, 'nfo', 0),
(866, 132, 'xap', 0),
(867, 132, 'hdf', 0),
(868, 133, 'Mrs. Karolann Kuvalis Jr.', 0),
(869, 133, 'Velma Hintz', 1),
(870, 133, 'Rhett Nolan', 0),
(871, 134, 'Dr. Amparo Brakus V', 0),
(872, 134, 'Dr. Floyd Green', 0),
(873, 134, 'Bonnie Greenfelder', 0),
(874, 134, 'Mr. Nat Mosciski', 0),
(875, 134, 'Ms. Stefanie Feeney', 1),
(876, 134, 'Dr. Stone Hammes', 0),
(877, 134, 'Prof. Violette Kuphal', 0),
(878, 134, 'Ms. Salma Hilpert MD', 0),
(879, 135, 'flv', 0),
(880, 135, 'vcf', 0),
(881, 135, 'xlam', 0),
(882, 135, 'rss', 1),
(883, 135, 'wsdl', 0),
(884, 135, 'crd', 0),
(885, 135, 'wmlc', 0),
(886, 136, 'Guatemala', 0),
(887, 136, 'Tajikistan', 1),
(888, 137, '902.476.4776', 1),
(889, 137, '1-265-888-2072 x02508', 0),
(890, 137, '831-231-5260 x246', 0),
(891, 137, '1-483-655-3850 x97409', 0),
(892, 138, 'Casting Machine Set-Up Operator', 0),
(893, 138, 'Logistician', 0),
(894, 138, 'Stevedore', 0),
(895, 138, 'Alteration Tailor', 1),
(896, 138, 'Credit Checker', 0),
(897, 138, 'Telecommunications Line Installer', 0),
(898, 138, 'Hazardous Materials Removal Worker', 0),
(899, 138, 'Ship Mates', 0),
(900, 139, 'Pennsylvania', 0),
(901, 139, 'New Hampshire', 0),
(902, 139, 'Washington', 0),
(903, 139, 'New Hampshire', 0),
(904, 139, 'Missouri', 1),
(905, 139, 'California', 0),
(906, 139, 'South Carolina', 0),
(907, 139, 'Missouri', 0),
(908, 139, 'Maryland', 0),
(909, 140, 'West Virginia', 1),
(910, 140, 'Alaska', 0),
(911, 141, 'Sofia Dam', 1),
(912, 141, 'Homenick Inlet', 0),
(913, 141, 'Krajcik Trace', 0),
(914, 141, 'Treutel Spur', 0),
(915, 141, 'Malachi Fields', 0),
(916, 141, 'Stark Place', 0),
(917, 142, 'Delaware', 0),
(918, 142, 'Nebraska', 0),
(919, 142, 'Louisiana', 0),
(920, 142, 'Kansas', 0),
(921, 142, 'Wisconsin', 1),
(922, 142, 'District of Columbia', 0),
(923, 142, 'Wisconsin', 0),
(924, 142, 'Idaho', 0),
(925, 142, 'Montana', 0),
(926, 142, 'Missouri', 0),
(927, 142, 'South Dakota', 0),
(928, 143, 'Dell View', 0),
(929, 143, 'Gorczany Burgs', 0),
(930, 143, 'Yazmin Lock', 1),
(931, 143, 'Bailey Cove', 0),
(932, 143, 'Wilderman Loaf', 0),
(933, 143, 'Paucek Manors', 0),
(934, 143, 'Yadira Lodge', 0),
(935, 144, 'Meter Mechanic', 0),
(936, 144, 'Logging Worker', 0),
(937, 144, 'Office Clerk', 0),
(938, 144, 'Precious Stone Worker', 0),
(939, 144, 'Substance Abuse Social Worker', 0),
(940, 144, 'Social Media Marketing Manager', 0),
(941, 144, 'Industrial Engineering Technician', 0),
(942, 144, 'Public Health Social Worker', 1),
(943, 144, 'Decorator', 0),
(944, 144, 'Locomotive Engineer', 0),
(945, 144, 'Procurement Clerk', 0),
(946, 145, 'Jordyn Turner DVM', 0),
(947, 145, 'Mr. Aidan Morar', 0),
(948, 145, 'Era Pagac', 1),
(949, 145, 'Prof. Sharon Terry', 0),
(950, 145, 'Candace Dietrich', 0),
(951, 145, 'Miss Margarita King DDS', 0),
(952, 145, 'Mrs. Abigale Medhurst', 0),
(953, 145, 'Frank McClure', 0),
(954, 145, 'Ms. Jacinthe Raynor MD', 0),
(955, 145, 'Fabian Fay', 0),
(956, 146, 'Texas', 0),
(957, 146, 'Alabama', 0),
(958, 146, 'Maine', 0),
(959, 146, 'New Jersey', 0),
(960, 146, 'Montana', 1),
(961, 146, 'Virginia', 0),
(962, 146, 'New York', 0),
(963, 146, 'Idaho', 0),
(964, 146, 'Washington', 0),
(965, 146, 'New Hampshire', 0),
(966, 146, 'Maine', 0),
(967, 147, 'District of Columbia', 0),
(968, 147, 'Utah', 0),
(969, 147, 'Kansas', 0),
(970, 147, 'Texas', 0),
(971, 147, 'New Jersey', 1),
(972, 147, 'Wisconsin', 0),
(973, 147, 'Colorado', 0),
(974, 147, 'Ohio', 0),
(975, 147, 'New Mexico', 0),
(976, 148, 'quae', 0),
(977, 148, 'consequatur', 0),
(978, 148, 'labore', 1),
(979, 148, 'aut', 0),
(980, 148, 'est', 0),
(981, 149, 'Bill Turnpike', 1),
(982, 149, 'Dallas Well', 0),
(983, 149, 'Louisa Prairie', 0),
(984, 149, 'Altenwerth Grove', 0),
(985, 149, 'Marques Crossroad', 0),
(986, 149, 'Hilma Mills', 0),
(987, 149, 'Camron Coves', 0),
(988, 149, 'Schoen Shoal', 0),
(989, 149, 'Maud Land', 0),
(990, 149, 'Jayme Place', 0),
(991, 149, 'Alfred Prairie', 0),
(992, 150, 'Wisconsin', 0),
(993, 150, 'Utah', 0),
(994, 150, 'Idaho', 0),
(995, 150, 'Michigan', 0),
(996, 150, 'Minnesota', 0),
(997, 150, 'Mississippi', 1),
(998, 150, 'Montana', 0),
(999, 151, 'gam', 0),
(1000, 151, 'vcs', 0),
(1001, 151, 'n3', 0),
(1002, 151, 'mks', 0),
(1003, 151, 'hdf', 0),
(1004, 151, 'esf', 0),
(1005, 151, 'spot', 0),
(1006, 151, 'mxu', 1),
(1007, 151, 'csh', 0),
(1008, 151, '3ds', 0),
(1009, 151, 'vsf', 0),
(1010, 152, 'Okuneva Landing', 0),
(1011, 152, 'Amber Crossing', 0),
(1012, 152, 'Margie Passage', 0),
(1013, 152, 'Avis Wells', 0),
(1014, 152, 'Shayna Light', 0),
(1015, 152, 'Ashlynn Stream', 1),
(1016, 152, 'Wyman Mountains', 0),
(1017, 152, 'Kovacek Streets', 0),
(1018, 152, 'Cummings Cape', 0),
(1019, 153, 'dicta', 0),
(1020, 153, 'quos', 0),
(1021, 153, 'vero', 0),
(1022, 153, 'quia', 1),
(1023, 153, 'tempore', 0),
(1024, 153, 'totam', 0),
(1025, 154, 'McGlynn Trafficway', 0),
(1026, 154, 'Klein Brook', 0),
(1027, 154, 'Boehm Course', 0),
(1028, 154, 'Howell Port', 0),
(1029, 154, 'Rogahn Valleys', 0),
(1030, 154, 'Alvera Courts', 0),
(1031, 154, 'Chadrick Plaza', 1),
(1032, 154, 'Gulgowski Gateway', 0),
(1033, 154, 'Godfrey Plain', 0),
(1034, 154, 'Janice Rapid', 0),
(1035, 155, 'Michigan', 0),
(1036, 155, 'Oklahoma', 0),
(1037, 155, 'New Mexico', 0),
(1038, 155, 'Tennessee', 0),
(1039, 155, 'Delaware', 0),
(1040, 155, 'New York', 0),
(1041, 155, 'Maryland', 0),
(1042, 155, 'Virginia', 1),
(1043, 155, 'Montana', 0),
(1044, 155, 'Kansas', 0),
(1045, 155, 'Delaware', 0),
(1046, 156, 'tao', 0),
(1047, 156, 'wmx', 0),
(1048, 156, 'crd', 1),
(1049, 156, 'mpe', 0),
(1050, 156, 'cpio', 0),
(1051, 156, 'xap', 0),
(1052, 156, 'rar', 0),
(1053, 156, 'cil', 0),
(1054, 157, '706.532.8815', 0),
(1055, 157, '+1-396-592-9010', 0),
(1056, 157, '(948) 850-9386 x532', 0),
(1057, 157, '+1 (986) 518-2923', 0),
(1058, 157, '(420) 218-6795 x9687', 0),
(1059, 157, '1-397-891-4109 x17496', 1),
(1060, 157, '580-924-6304 x9502', 0),
(1061, 157, '1-662-567-6695 x85767', 0),
(1062, 157, '+1.209.979.4437', 0),
(1063, 157, '1-209-543-7679', 0),
(1064, 157, '1-869-770-5132', 0),
(1065, 158, 'Port Hiramside', 0),
(1066, 158, 'Port Tierra', 0),
(1067, 158, 'Gerlachtown', 1),
(1068, 158, 'Clementborough', 0),
(1069, 158, 'Imaborough', 0),
(1070, 158, 'Nolanville', 0),
(1071, 158, 'Virginiatown', 0),
(1072, 158, 'South Raquel', 0),
(1073, 158, 'Friedahaven', 0),
(1074, 159, '(821) 389-8374', 1),
(1075, 159, '+14067569311', 0),
(1076, 160, 'British Virgin Islands', 0),
(1077, 160, 'Tokelau', 0),
(1078, 160, 'Saudi Arabia', 0),
(1079, 160, 'Belize', 0),
(1080, 160, 'Guatemala', 1),
(1081, 160, 'United States Minor Outlying Islands', 0),
(1082, 161, 'Corbintown', 0),
(1083, 161, 'New Lonny', 0),
(1084, 161, 'Lake Janae', 1),
(1085, 161, 'North Carol', 0),
(1086, 161, 'New Lucytown', 0),
(1087, 161, 'New Alvena', 0),
(1088, 162, 'United States of America', 0),
(1089, 162, 'Argentina', 0),
(1090, 162, 'Paraguay', 0),
(1091, 162, 'Moldova', 0),
(1092, 162, 'Czech Republic', 0),
(1093, 162, 'Kazakhstan', 0),
(1094, 162, 'Tajikistan', 0),
(1095, 162, 'Zambia', 0),
(1096, 162, 'Comoros', 1),
(1097, 162, 'Romania', 0),
(1098, 163, 'Waiter', 0),
(1099, 163, 'Textile Worker', 1),
(1100, 164, 'veniam', 0),
(1101, 164, 'possimus', 0),
(1102, 164, 'voluptatibus', 0),
(1103, 164, 'quisquam', 0),
(1104, 164, 'est', 0),
(1105, 164, 'asperiores', 0),
(1106, 164, 'et', 0),
(1107, 164, 'dolor', 0),
(1108, 164, 'sed', 1),
(1109, 164, 'doloremque', 0),
(1110, 164, 'inventore', 0),
(1111, 165, 'Lockman Forks', 0),
(1112, 165, 'Eloise Vista', 1),
(1113, 165, 'Lenna Islands', 0),
(1114, 166, 'Bednar Trafficway', 0),
(1115, 166, 'Moore Circles', 0),
(1116, 166, 'Hettinger Crest', 0),
(1117, 166, 'Bernier Grove', 0),
(1118, 166, 'Jon Corner', 0),
(1119, 166, 'Renner Knoll', 1),
(1120, 166, 'Keith Field', 0),
(1121, 167, 'West Erynberg', 0),
(1122, 167, 'South Estel', 1),
(1123, 167, 'North Leanna', 0),
(1124, 168, 'Florida', 1),
(1125, 168, 'Pennsylvania', 0),
(1126, 168, 'West Virginia', 0),
(1127, 169, 'Welder', 0),
(1128, 169, 'Offset Lithographic Press Operator', 0),
(1129, 169, 'Order Clerk', 0),
(1130, 169, 'Healthcare Support Worker', 0),
(1131, 169, 'Heavy Equipment Mechanic', 0),
(1132, 169, 'Gas Pumping Station Operator', 1),
(1133, 169, 'Transportation Inspector', 0),
(1134, 170, 'Utah', 1),
(1135, 170, 'Rhode Island', 0),
(1136, 170, 'Louisiana', 0),
(1137, 170, 'Maine', 0),
(1138, 170, 'New York', 0),
(1139, 170, 'Iowa', 0),
(1140, 170, 'District of Columbia', 0),
(1141, 170, 'Indiana', 0),
(1142, 171, 'Idaho', 1),
(1143, 171, 'Kansas', 0),
(1144, 171, 'Wisconsin', 0),
(1145, 171, 'Ohio', 0),
(1146, 171, 'Georgia', 0),
(1147, 171, 'Wisconsin', 0),
(1148, 171, 'Hawaii', 0),
(1149, 172, 'Reynold Unions', 0),
(1150, 172, 'Swift Pass', 1),
(1151, 172, 'Runolfsson Junction', 0),
(1152, 172, 'Jonathan Mountains', 0),
(1153, 172, 'Jaleel Place', 0),
(1154, 172, 'Clair Stream', 0),
(1155, 172, 'Stehr Vista', 0),
(1156, 173, 'Adams Glens', 0),
(1157, 173, 'Graciela Mission', 1),
(1158, 174, '+1-239-387-6107', 1),
(1159, 174, '412-847-7555 x762', 0),
(1160, 174, '1-634-509-4939', 0),
(1161, 174, '+17363661741', 0),
(1162, 174, '574.849.8448', 0),
(1163, 174, '1-629-319-2887', 0),
(1164, 175, 'Matildemouth', 0),
(1165, 175, 'North Ericamouth', 0),
(1166, 175, 'Schroedertown', 0),
(1167, 175, 'South Mozellbury', 0),
(1168, 175, 'O\'Konberg', 0),
(1169, 175, 'New Meggie', 1),
(1170, 176, 'Portable Power Tool Repairer', 0),
(1171, 176, 'Assessor', 0),
(1172, 176, 'Credit Checker', 0),
(1173, 176, 'Production Worker', 1),
(1174, 176, 'Painter', 0),
(1175, 176, 'Electromechanical Equipment Assembler', 0),
(1176, 176, 'Insurance Sales Agent', 0),
(1177, 176, 'Parking Enforcement Worker', 0),
(1178, 176, 'Copy Machine Operator', 0),
(1179, 177, 'Recreation Worker', 1),
(1180, 177, 'Hand Sewer', 0),
(1181, 177, 'Farm Equipment Mechanic', 0),
(1182, 178, 'Hane Plain', 0),
(1183, 178, 'Okuneva Heights', 0),
(1184, 178, 'Schmitt Square', 0),
(1185, 178, 'Reed Cove', 0),
(1186, 178, 'Marianna Meadows', 0),
(1187, 178, 'Abshire Coves', 1),
(1188, 178, 'Effie Point', 0),
(1189, 178, 'Mariela Lodge', 0),
(1190, 179, '1-943-600-1119 x859', 0),
(1191, 179, '+1-405-925-9401', 0),
(1192, 179, '906-545-1479', 1),
(1193, 179, '1-843-392-0594 x766', 0),
(1194, 179, '+1-510-789-9383', 0),
(1195, 179, '(781) 837-6930 x3981', 0),
(1196, 180, '(230) 216-0087', 0),
(1197, 180, '602.844.0781', 1),
(1198, 180, '+1-389-917-4810', 0),
(1199, 180, '532.206.8717', 0),
(1200, 181, 'harum', 0),
(1201, 181, 'maiores', 0),
(1202, 181, 'ut', 0),
(1203, 181, 'assumenda', 1),
(1204, 181, 'odio', 0),
(1205, 181, 'enim', 0),
(1206, 181, 'recusandae', 0),
(1207, 181, 'tempora', 0),
(1208, 181, 'dicta', 0),
(1209, 181, 'culpa', 0),
(1210, 182, '8326599', 0),
(1211, 182, '304400', 0),
(1212, 182, '8852', 0),
(1213, 182, '560142910', 1),
(1214, 182, '977463', 0),
(1215, 182, '67', 0),
(1216, 182, '4', 0),
(1217, 182, '5385855', 0),
(1218, 183, 'dae', 1),
(1219, 183, 'stw', 0),
(1220, 183, 'mag', 0),
(1221, 183, 'gramps', 0),
(1222, 183, 'dart', 0),
(1223, 184, 'Dr. Irwin Bruen', 1),
(1224, 184, 'Sherwood Glover', 0),
(1225, 184, 'Ms. Yesenia Corwin', 0),
(1226, 185, 'Engraver', 1),
(1227, 185, 'Cashier', 0),
(1228, 185, 'Vice President Of Human Resources', 0),
(1229, 185, 'Motorboat Operator', 0),
(1230, 185, 'Executive Secretary', 0),
(1231, 185, 'Database Manager', 0),
(1232, 186, 'Anguilla', 1),
(1233, 186, 'Equatorial Guinea', 0),
(1234, 186, 'Jordan', 0),
(1235, 186, 'Bermuda', 0),
(1236, 187, 'Bulgaria', 0),
(1237, 187, 'Argentina', 1),
(1238, 187, 'United States Virgin Islands', 0),
(1239, 188, 'CFO', 0),
(1240, 188, 'Mail Machine Operator', 0),
(1241, 188, 'Musician OR Singer', 0),
(1242, 188, 'TSA', 1),
(1243, 189, 'Arkansas', 0),
(1244, 189, 'Wisconsin', 1),
(1245, 189, 'Wyoming', 0),
(1246, 190, 'O\'Haraborough', 1),
(1247, 190, 'North Mathildechester', 0),
(1248, 190, 'Clovistown', 0),
(1249, 190, 'West Yoshiko', 0),
(1250, 190, 'Lake Abner', 0),
(1251, 190, 'New Angelita', 0),
(1252, 190, 'Wisozkbury', 0),
(1253, 191, 'Seth Forges', 0),
(1254, 191, 'Witting Burgs', 0),
(1255, 191, 'Andy Centers', 0),
(1256, 191, 'Bayer Underpass', 1),
(1257, 191, 'Ashton Extension', 0),
(1258, 192, 'Aurore Glens', 0),
(1259, 192, 'Ila Oval', 0),
(1260, 192, 'Kulas Harbors', 0),
(1261, 192, 'Jon Junction', 0),
(1262, 192, 'Marquise Walk', 0),
(1263, 192, 'Denesik Circle', 1),
(1264, 193, 'cryptonote', 0),
(1265, 193, 'rtx', 0),
(1266, 193, 'geo', 0),
(1267, 193, 'woff', 0),
(1268, 193, 'latex', 1),
(1269, 194, '5012088', 0),
(1270, 194, '4413', 0),
(1271, 194, '119490', 1),
(1272, 194, '3847963', 0),
(1273, 194, '51', 0),
(1274, 194, '878769989', 0),
(1275, 194, '5433', 0),
(1276, 195, 'Schamberger Ford', 0),
(1277, 195, 'Norma Drive', 0),
(1278, 195, 'Oberbrunner Plain', 0),
(1279, 195, 'Dustin Wells', 0),
(1280, 195, 'Champlin Highway', 0),
(1281, 195, 'Eloy Camp', 0),
(1282, 195, 'Lueilwitz Villages', 1),
(1283, 195, 'Dibbert Ridges', 0),
(1284, 196, 'Macejkovichaven', 0),
(1285, 196, 'Elroymouth', 0),
(1286, 196, 'Binschester', 0),
(1287, 196, 'South Margretfort', 0),
(1288, 196, 'South Blaiseview', 0),
(1289, 196, 'Sharonhaven', 0),
(1290, 196, 'East Emilburgh', 0),
(1291, 196, 'Margaretebury', 0),
(1292, 196, 'Burnicemouth', 0),
(1293, 196, 'Parkershire', 1),
(1294, 197, 'Welch Court', 0),
(1295, 197, 'Beahan Camp', 1),
(1296, 197, 'Skye Rue', 0),
(1297, 197, 'Eryn Turnpike', 0),
(1298, 197, 'Sipes Tunnel', 0),
(1299, 197, 'Hilpert Ports', 0),
(1300, 197, 'Sibyl Cape', 0),
(1301, 197, 'Everardo Forges', 0),
(1302, 198, '8', 0),
(1303, 198, '975', 0),
(1304, 198, '74876638', 0),
(1305, 198, '9848', 0),
(1306, 198, '7', 1),
(1307, 198, '1', 0),
(1308, 198, '7405', 0),
(1309, 198, '4870', 0),
(1310, 198, '406944529', 0),
(1311, 199, 'a', 0),
(1312, 199, 'quibusdam', 0),
(1313, 199, 'dolor', 0),
(1314, 199, 'est', 0),
(1315, 199, 'dolorum', 0),
(1316, 199, 'eos', 0),
(1317, 199, 'repellat', 1),
(1318, 200, '(641) 317-1041 x42186', 0),
(1319, 200, '1-308-831-4358 x420', 1),
(1320, 201, '+1-947-481-5843', 0),
(1321, 201, '686.882.2396 x58281', 0),
(1322, 201, '+1-570-853-7023', 1),
(1323, 201, '1-749-485-2572', 0),
(1324, 201, '1-787-975-1192 x279', 0),
(1325, 201, '283.644.7262', 0),
(1326, 201, '(291) 918-4586 x5823', 0),
(1327, 201, '+1-934-296-4875', 0),
(1328, 201, '+1.620.820.1721', 0),
(1329, 201, '(871) 398-8182', 0),
(1330, 201, '843.651.6253 x60936', 0),
(1331, 202, 'Miss Sydni Kassulke', 0),
(1332, 202, 'Delphia Crist', 0),
(1333, 202, 'Cathryn Nader', 0),
(1334, 202, 'Prof. Monserrate Lemke I', 1),
(1335, 203, '227.502.1868 x139', 0),
(1336, 203, '(374) 692-6084', 0),
(1337, 203, '909.353.5868', 0),
(1338, 203, '+1-208-634-7975', 1),
(1339, 203, '983.896.2875', 0),
(1340, 203, '406.760.5777 x66441', 0),
(1341, 203, '897.704.5973', 0),
(1342, 203, '848-290-7251', 0),
(1343, 204, 'yin', 0),
(1344, 204, 'dotx', 0),
(1345, 204, 'uvt', 1),
(1346, 204, 'tar', 0),
(1347, 204, 'mts', 0),
(1348, 204, 'xlt', 0),
(1349, 205, 'Schuppe Field', 1),
(1350, 205, 'Bernier Trail', 0),
(1351, 205, 'Cormier Oval', 0),
(1352, 206, '+1.486.576.9750', 0),
(1353, 206, '1-458-263-5227', 0),
(1354, 206, '(498) 895-6988', 0),
(1355, 206, '(837) 266-0133 x8776', 0),
(1356, 206, '1-946-439-5762', 0),
(1357, 206, '407.610.2017 x6083', 0),
(1358, 206, '(839) 359-3925 x955', 1),
(1359, 206, '939-464-5892 x592', 0),
(1360, 207, 'xlf', 0),
(1361, 207, 'xlam', 1),
(1362, 207, 'tao', 0),
(1363, 207, 'wdp', 0),
(1364, 207, 'ott', 0),
(1365, 207, 'mdb', 0),
(1366, 208, 'Estonia', 0),
(1367, 208, 'French Polynesia', 0),
(1368, 208, 'Benin', 0),
(1369, 208, 'Belgium', 0),
(1370, 208, 'Guadeloupe', 1),
(1371, 208, 'Burundi', 0),
(1372, 208, 'Cayman Islands', 0),
(1373, 208, 'Macedonia', 0),
(1374, 209, '797-622-6631 x87065', 0),
(1375, 209, '(267) 336-5190 x3935', 0),
(1376, 209, '1-385-938-1316 x5084', 0),
(1377, 209, '1-741-373-3665 x5668', 0),
(1378, 209, '473.734.5359', 0),
(1379, 209, '+1-932-795-4036', 0),
(1380, 209, '898-764-1844 x210', 0),
(1381, 209, '(696) 345-9617', 1),
(1382, 209, '881.418.7794 x07713', 0),
(1383, 209, '613.257.7655', 0),
(1384, 209, '(776) 341-5365 x5720', 0),
(1385, 210, 'Dr. Einar Bins DVM', 0),
(1386, 210, 'Mr. Zion Bauch DDS', 1),
(1387, 210, 'Evans Frami', 0),
(1388, 210, 'Elmer Bosco', 0),
(1389, 210, 'Rodolfo Bruen', 0),
(1390, 211, 'Port Estell', 0),
(1391, 211, 'Edwinamouth', 0),
(1392, 211, 'Huelsmouth', 0),
(1393, 211, 'Sipesport', 0),
(1394, 211, 'Leuschkeville', 0),
(1395, 211, 'North Rahul', 1),
(1396, 211, 'New Destinyshire', 0),
(1397, 211, 'Watersside', 0),
(1398, 211, 'Lake Taurean', 0),
(1399, 211, 'Micahberg', 0),
(1400, 211, 'North Ianberg', 0),
(1401, 212, 'Salvadorchester', 0),
(1402, 212, 'Port Nestorborough', 0),
(1403, 212, 'O\'Keefeburgh', 0),
(1404, 212, 'Jenkinsfort', 0),
(1405, 212, 'West Dejuan', 1),
(1406, 212, 'Port Myra', 0),
(1407, 212, 'Leilaburgh', 0),
(1408, 213, 'Shoe Machine Operators', 0),
(1409, 213, 'Military Officer', 0),
(1410, 213, 'Space Sciences Teacher', 0),
(1411, 213, 'Camera Operator', 0),
(1412, 213, 'Statistical Assistant', 0),
(1413, 213, 'Physics Teacher', 1),
(1414, 213, 'Biochemist', 0),
(1415, 213, 'Manufacturing Sales Representative', 0),
(1416, 213, 'Economics Teacher', 0),
(1417, 213, 'Casting Machine Operator', 0),
(1418, 214, 'Saudi Arabia', 0),
(1419, 214, 'Burundi', 0),
(1420, 214, 'Ecuador', 0),
(1421, 214, 'Iceland', 0),
(1422, 214, 'Myanmar', 0),
(1423, 214, 'Dominica', 1),
(1424, 214, 'Gambia', 0),
(1425, 214, 'Paraguay', 0),
(1426, 214, 'Israel', 0);

-- --------------------------------------------------------

--
-- Table structure for table `phinxlog`
--

CREATE TABLE `phinxlog` (
  `version` bigint(20) NOT NULL,
  `migration_name` varchar(100) DEFAULT NULL,
  `start_time` timestamp NULL DEFAULT NULL,
  `end_time` timestamp NULL DEFAULT NULL,
  `breakpoint` tinyint(1) NOT NULL DEFAULT '0'
) ENGINE=InnoDB DEFAULT CHARSET=utf8;

--
-- Dumping data for table `phinxlog`
--

INSERT INTO `phinxlog` (`version`, `migration_name`, `start_time`, `end_time`, `breakpoint`) VALUES
(20181009084238, 'UserMigration', '2018-10-12 18:47:31', '2018-10-12 18:47:31', 0),
(20181009094511, 'QuizMigration', '2018-10-12 18:47:31', '2018-10-12 18:47:31', 0),
(20181009094605, 'QuestionMigration', '2018-10-12 18:47:31', '2018-10-12 18:47:31', 0),
(20181009100617, 'AnswerMigration', '2018-10-12 18:47:31', '2018-10-12 18:47:31', 0),
(20181010080304, 'UserAnswerMigration', '2018-10-12 18:47:31', '2018-10-12 18:47:31', 0);

-- --------------------------------------------------------

--
-- Table structure for table `questions`
--

CREATE TABLE `questions` (
  `id` int(11) NOT NULL,
  `quiz_id` int(11) NOT NULL,
  `question` text NOT NULL
) ENGINE=InnoDB DEFAULT CHARSET=utf8;

--
-- Dumping data for table `questions`
--

INSERT INTO `questions` (`id`, `quiz_id`, `question`) VALUES
(1, 1, 'Necessitatibus voluptatem ea a pariatur modi non asperiores?'),
(2, 1, 'Praesentium inventore eum aut?'),
(3, 1, 'Sequi corporis non nobis quisquam explicabo sed?'),
(4, 1, 'Quae quasi explicabo quam vero velit nisi quidem?'),
(5, 1, 'Dolorem eaque neque debitis omnis facere ratione minima?'),
(6, 1, 'Sed rem soluta libero atque iure?'),
(7, 1, 'Iste nam nesciunt minus quidem aut dolores?'),
(8, 1, 'Maiores laudantium accusantium deleniti nemo suscipit et?'),
(9, 1, 'Possimus excepturi eum quis fugit?'),
(10, 1, 'Eligendi aut eligendi laboriosam alias reprehenderit qui?'),
(11, 1, 'Assumenda sint sunt vel eius incidunt?'),
(12, 1, 'Cupiditate excepturi quis vel minima voluptatibus accusantium sit?'),
(13, 1, 'Error rerum aut qui eaque?'),
(14, 1, 'Et voluptatem quia quia soluta?'),
(15, 1, 'Quia cupiditate et consequuntur amet?'),
(16, 1, 'Sequi repellat et iusto et cum odio aut?'),
(17, 1, 'Ipsa doloremque rerum dolores blanditiis quo debitis?'),
(18, 1, 'Dolor sit dolor amet consequatur?'),
(19, 1, 'Aut voluptatem commodi nam deserunt cum illo omnis?'),
(20, 2, 'Amet est distinctio possimus asperiores ipsam asperiores?'),
(21, 2, 'Molestiae eos est magnam reiciendis natus?'),
(22, 2, 'Consequatur adipisci quisquam rerum cupiditate rem?'),
(23, 2, 'Modi inventore et corrupti quia ullam qui debitis?'),
(24, 2, 'Optio voluptatem perferendis illum aut rerum quis?'),
(25, 2, 'Et ab cum nihil?'),
(26, 2, 'Qui sunt nesciunt reiciendis tenetur quas culpa?'),
(27, 2, 'Asperiores quidem vero ea provident in sed non?'),
(28, 3, 'Soluta nulla est vero consequuntur perspiciatis pariatur?'),
(29, 3, 'Suscipit distinctio est eaque ratione eius enim?'),
(30, 3, 'Dignissimos impedit earum soluta voluptas voluptatem?'),
(31, 3, 'Est impedit omnis voluptatem illo?'),
(32, 3, 'Facere consequatur eveniet fuga consequatur ipsa odio?'),
(33, 3, 'Ullam qui aut est aut ex atque?'),
(34, 3, 'Ipsa est id est?'),
(35, 3, 'Atque id ullam iste ab ea odio rerum?'),
(36, 4, 'Aut sed voluptas perferendis eveniet nulla?'),
(37, 4, 'Dolore eaque velit rem et dolor?'),
(38, 4, 'Aliquam fugit eum maxime dicta quia?'),
(39, 4, 'Perferendis fuga alias nobis et tempore sed nam?'),
(40, 4, 'Sit aut voluptas quis odit numquam ducimus eaque?'),
(41, 4, 'Aut vel rerum adipisci nobis quia perferendis amet?'),
(42, 4, 'Consequatur enim eius quas aut rem reiciendis?'),
(43, 4, 'Quas quisquam dolores quod qui ratione illo?'),
(44, 4, 'Illum quae cumque quia distinctio?'),
(45, 4, 'Sapiente iusto hic nemo repellat?'),
(46, 4, 'Voluptatum excepturi et pariatur ut ad?'),
(47, 4, 'Officia minus hic doloribus molestias magnam adipisci?'),
(48, 4, 'Minus consectetur libero voluptas excepturi eos autem?'),
(49, 5, 'Laboriosam et totam fuga sit veritatis qui voluptates?'),
(50, 5, 'Nesciunt ea corporis aut ut odit quibusdam?'),
(51, 5, 'Non eius quam velit perferendis est?'),
(52, 5, 'Consequatur sit et architecto?'),
(53, 5, 'Officia debitis odio natus quis?'),
(54, 5, 'Tempora culpa magnam neque facilis aut?'),
(55, 6, 'Error quis maxime enim distinctio officia autem?'),
(56, 6, 'Eaque unde possimus facilis optio fugiat magni ut?'),
(57, 6, 'Maiores voluptatibus in recusandae repellat?'),
(58, 6, 'Est nihil voluptatem molestiae eaque quia?'),
(59, 6, 'Rerum provident id adipisci ut qui velit quo?'),
(60, 6, 'Vitae a debitis sed possimus quas sit quae?'),
(61, 6, 'Consequatur explicabo ea sit vero?'),
(62, 6, 'At aliquid laboriosam architecto et aliquid sed et?'),
(63, 7, 'Autem necessitatibus sed consequatur repudiandae quod itaque et?'),
(64, 7, 'Ad iusto odit aperiam?'),
(65, 7, 'Magnam incidunt qui aut nemo tempore?'),
(66, 8, 'Qui et vero rerum quis voluptate?'),
(67, 8, 'Aperiam repudiandae voluptatem deserunt aut corrupti eos quis?'),
(68, 8, 'Et nulla modi quia eveniet est fugit quia?'),
(69, 8, 'Placeat ea quo perferendis corporis qui eum accusantium?'),
(70, 8, 'Ab nam quam nihil?'),
(71, 8, 'Eum similique iste rerum non?'),
(72, 8, 'Non quia quo sed eum sit cumque?'),
(73, 8, 'Dolore voluptatum tempore beatae numquam et?'),
(74, 8, 'Natus perspiciatis praesentium cupiditate?'),
(75, 8, 'Cum voluptatibus a maxime?'),
(76, 8, 'Laborum eos mollitia sed sint ut qui sunt sed?'),
(77, 8, 'Quo voluptatem et quia sunt sit ut non?'),
(78, 8, 'Fugit fugiat temporibus nihil sit quia laudantium cumque?'),
(79, 8, 'Mollitia neque ea nesciunt vel enim?'),
(80, 9, 'Corporis et libero inventore ut autem sunt necessitatibus?'),
(81, 9, 'Voluptatum velit minus harum assumenda minus magni animi molestiae?'),
(82, 9, 'Pariatur et velit omnis sint consectetur et?'),
(83, 9, 'Aliquam enim aspernatur facere inventore voluptates laudantium magni?'),
(84, 9, 'Officiis voluptatem aspernatur ipsam quidem nihil culpa?'),
(85, 9, 'Sit nisi dolorem reiciendis fuga non incidunt adipisci asperiores?'),
(86, 9, 'Reiciendis quam eum at error quia?'),
(87, 10, 'Ut rerum rerum quia nobis?'),
(88, 10, 'Qui aut soluta magnam maiores est deserunt dolor?'),
(89, 10, 'Rem quos omnis non error laborum aliquam aut consectetur?'),
(90, 10, 'Et ex neque qui quibusdam?'),
(91, 10, 'Repellendus consequuntur nostrum adipisci nihil magnam voluptatem sunt?'),
(92, 10, 'Consequuntur perferendis possimus odit nihil?'),
(93, 10, 'A earum unde accusantium voluptas in vel?'),
(94, 10, 'Eum ea laboriosam quod amet pariatur?'),
(95, 10, 'Quaerat beatae vel perferendis et quidem dignissimos a magnam?'),
(96, 10, 'Non exercitationem blanditiis inventore ut qui nulla placeat?'),
(97, 10, 'Nemo sint dolorem rem aut?'),
(98, 10, 'Deserunt quod asperiores ut rerum?'),
(99, 10, 'Voluptas molestiae sit rerum cupiditate?'),
(100, 11, 'Nisi exercitationem ut autem error assumenda temporibus qui?'),
(101, 11, 'Repellendus consequuntur omnis ad id molestias?'),
(102, 11, 'Aut harum magnam earum autem?'),
(103, 11, 'Temporibus est distinctio autem harum architecto?'),
(104, 11, 'Quo ut voluptatem cupiditate est consequatur qui?'),
(105, 11, 'Odit harum soluta vel suscipit?'),
(106, 11, 'Et ex quo enim vel?'),
(107, 11, 'Iure beatae est beatae enim et facilis et?'),
(108, 11, 'Necessitatibus excepturi nihil dolorem nesciunt fugit quam debitis?'),
(109, 11, 'Hic nobis quidem nihil saepe repellat?'),
(110, 11, 'Tempora saepe dolorem repellat est?'),
(111, 11, 'Perferendis ducimus molestiae ut alias impedit laboriosam?'),
(112, 11, 'Soluta cupiditate blanditiis doloremque velit eos enim?'),
(113, 11, 'Autem accusantium nulla tenetur maxime voluptate?'),
(114, 11, 'In quia excepturi quo?'),
(115, 11, 'Porro quisquam consequatur pariatur quis?'),
(116, 11, 'Itaque tempore minus dolor quisquam rerum tempore?'),
(117, 11, 'Perspiciatis eveniet aspernatur harum vero praesentium?'),
(118, 11, 'Quos id impedit veniam optio?'),
(119, 12, 'Rerum et voluptas soluta explicabo sequi consequatur velit facere?'),
(120, 12, 'Necessitatibus sequi ut sequi repudiandae vel?'),
(121, 12, 'Dolores ea libero id et aut aspernatur aut?'),
(122, 12, 'Quae voluptatem ut ex a eius?'),
(123, 12, 'Qui illum molestiae qui consectetur?'),
(124, 12, 'Cupiditate aut perspiciatis aut labore rem nihil?'),
(125, 12, 'Assumenda ut nesciunt omnis consequuntur?'),
(126, 12, 'Sit enim dolor libero voluptas quia placeat nesciunt?'),
(127, 12, 'Accusantium aperiam tempore eum?'),
(128, 13, 'Voluptas vitae totam quidem sed dolorum et?'),
(129, 13, 'Deserunt quos quia quibusdam totam dignissimos et rerum?'),
(130, 13, 'Delectus corrupti quia qui culpa dolor?'),
(131, 13, 'Dolores quibusdam voluptatem harum sequi illum?'),
(132, 13, 'Consectetur et sequi ut reiciendis commodi ut eaque occaecati?'),
(133, 13, 'Est illum beatae mollitia reprehenderit unde in fugiat?'),
(134, 13, 'Animi sed vitae fugit reiciendis ipsa?'),
(135, 14, 'Ut sed aliquid fuga fugiat?'),
(136, 14, 'Doloribus sed dolor maiores nihil?'),
(137, 14, 'Provident id neque placeat ut vero porro culpa?'),
(138, 14, 'Accusamus hic saepe inventore?'),
(139, 14, 'Quae libero optio culpa odio dolorem animi adipisci?'),
(140, 14, 'Consequatur et consequatur saepe fuga veniam tempora et?'),
(141, 14, 'Molestias qui ut sit eum cum?'),
(142, 14, 'Laborum aut hic labore?'),
(143, 15, 'Eligendi a eius nesciunt recusandae nesciunt quam?'),
(144, 15, 'Deserunt dolorum excepturi earum?'),
(145, 15, 'Dignissimos inventore dolorum quas sed et tenetur nam rem?'),
(146, 16, 'Error culpa dolor voluptatem et voluptates quia?'),
(147, 16, 'Qui ut ex atque cumque et quis?'),
(148, 16, 'Consectetur sint consectetur omnis?'),
(149, 16, 'Consequuntur aut ex quasi sed quia quam rerum?'),
(150, 16, 'Aut aut aliquid ipsam aut fugit?'),
(151, 16, 'Laborum optio libero labore voluptatem soluta?'),
(152, 16, 'Ut fugit maxime omnis voluptatem totam?'),
(153, 16, 'Consequuntur voluptatem nisi eum rerum consequatur quod?'),
(154, 16, 'Tempore aut dolorem laborum laudantium quasi dolorem magnam?'),
(155, 16, 'Animi blanditiis a consequatur quas consequatur ad earum?'),
(156, 16, 'Fuga ea ea corporis aut recusandae hic?'),
(157, 16, 'Rerum ut recusandae voluptas minus rem est reprehenderit?'),
(158, 16, 'Hic et inventore reprehenderit consectetur iste?'),
(159, 16, 'Molestiae repudiandae non vero animi nemo veniam et?'),
(160, 16, 'Ea iusto distinctio illo modi minima ipsa qui?'),
(161, 16, 'Qui ea accusantium occaecati reiciendis sed?'),
(162, 16, 'Voluptas aut ratione iste voluptatem in?'),
(163, 16, 'Dignissimos maiores aperiam tempora?'),
(164, 17, 'Fugit laborum modi in necessitatibus reprehenderit veniam non?'),
(165, 17, 'Omnis voluptatem recusandae magni deserunt?'),
(166, 17, 'Id ratione quasi modi quia error?'),
(167, 17, 'Architecto repudiandae illum pariatur facere eaque ut?'),
(168, 17, 'Magnam placeat repellendus eum quibusdam aut ex ut?'),
(169, 17, 'Modi amet quaerat excepturi officia?'),
(170, 17, 'Incidunt quasi quas quo ea aut eius?'),
(171, 17, 'Aut et sapiente enim odit id voluptatibus corporis?'),
(172, 17, 'Voluptate nam accusamus voluptas necessitatibus beatae modi quaerat?'),
(173, 17, 'Aut alias itaque distinctio non animi?'),
(174, 17, 'Voluptas officia sed sequi nostrum voluptatibus ut sint?'),
(175, 17, 'Magnam odio quis id repellendus quia velit est?'),
(176, 17, 'Sit nam sint consectetur dignissimos ex?'),
(177, 17, 'Est quidem impedit repudiandae voluptatibus veniam explicabo nobis?'),
(178, 17, 'Eum repudiandae eos ut tenetur rerum?'),
(179, 17, 'Tempore corrupti dolores eligendi reiciendis deserunt eligendi?'),
(180, 17, 'Omnis in ipsa consequatur sequi dolorem quo reiciendis aut?'),
(181, 17, 'Nemo nemo voluptas incidunt rem?'),
(182, 18, 'Tempore et qui voluptas vitae numquam ullam?'),
(183, 18, 'Et dolores natus quia?'),
(184, 18, 'Ut voluptatibus reiciendis maiores velit natus?'),
(185, 18, 'Eum tempora eaque et molestias cumque?'),
(186, 18, 'Et voluptas cumque accusantium enim quae labore?'),
(187, 18, 'Provident vel adipisci soluta id optio non optio?'),
(188, 18, 'Rem qui consequuntur magni vel delectus?'),
(189, 18, 'Doloremque voluptas perspiciatis ratione doloribus nisi id?'),
(190, 18, 'Quis quibusdam sunt laudantium ipsum quae neque sed veniam?'),
(191, 18, 'Neque excepturi labore excepturi molestiae?'),
(192, 18, 'Maiores quae animi porro et?'),
(193, 18, 'Magnam voluptas unde quia rerum voluptatem in?'),
(194, 18, 'Aut assumenda et veniam itaque repudiandae?'),
(195, 19, 'Sint numquam dignissimos porro quia?'),
(196, 19, 'Quod distinctio quod repellat nihil suscipit accusamus?'),
(197, 19, 'Perferendis odit at qui porro iure saepe quia nam?'),
(198, 19, 'Voluptatem voluptas culpa quasi at sapiente?'),
(199, 19, 'Nemo tenetur aut doloremque impedit dolorem maiores?'),
(200, 20, 'Eligendi illo quibusdam recusandae qui voluptatum molestiae?'),
(201, 20, 'Sint modi voluptatem tempore a?'),
(202, 20, 'Illo et adipisci dolorem?'),
(203, 20, 'Tempore qui dolorem rerum reprehenderit laborum?'),
(204, 20, 'A vitae reiciendis consequatur dolorem alias perferendis nihil?'),
(205, 20, 'Necessitatibus voluptatibus animi eaque in itaque et?'),
(206, 20, 'Sequi magni temporibus doloremque iste?'),
(207, 20, 'Sit quidem est odit mollitia recusandae explicabo?'),
(208, 20, 'Quaerat harum perspiciatis quibusdam pariatur?'),
(209, 20, 'Facere totam reiciendis occaecati tempora provident et ut?'),
(210, 20, 'Excepturi non totam et suscipit consequuntur?'),
(211, 20, 'Qui saepe fugiat qui minima esse impedit?'),
(212, 20, 'Dolores aliquam distinctio eos recusandae architecto?'),
(213, 20, 'Rerum voluptas sequi excepturi vel incidunt?'),
(214, 20, 'Quasi et illo velit cupiditate dolores sint?');

-- --------------------------------------------------------

--
-- Table structure for table `quizzes`
--

CREATE TABLE `quizzes` (
  `id` int(11) NOT NULL,
  `name` varchar(40) NOT NULL
) ENGINE=InnoDB DEFAULT CHARSET=utf8;

--
-- Dumping data for table `quizzes`
--

INSERT INTO `quizzes` (`id`, `name`) VALUES
(1, 'Quiz 1'),
(2, 'Quiz 2'),
(3, 'Quiz 3'),
(4, 'Quiz 4'),
(5, 'Quiz 5'),
(6, 'Quiz 6'),
(7, 'Quiz 7'),
(8, 'Quiz 8'),
(9, 'Quiz 9'),
(10, 'Quiz 10'),
(11, 'Quiz 11'),
(12, 'Quiz 12'),
(13, 'Quiz 13'),
(14, 'Quiz 14'),
(15, 'Quiz 15'),
(16, 'Quiz 16'),
(17, 'Quiz 17'),
(18, 'Quiz 18'),
(19, 'Quiz 19'),
(20, 'Quiz 20');

-- --------------------------------------------------------

--
-- Table structure for table `users`
--

CREATE TABLE `users` (
  `id` int(11) NOT NULL,
  `name` varchar(40) NOT NULL
) ENGINE=InnoDB DEFAULT CHARSET=utf8;

-- --------------------------------------------------------

--
-- Table structure for table `user_answers`
--

CREATE TABLE `user_answers` (
  `id` int(11) NOT NULL,
  `user_id` int(11) NOT NULL,
  `quiz_id` int(11) NOT NULL,
  `question_id` int(11) NOT NULL,
  `answer_id` int(11) NOT NULL,
  `is_answer_correct` tinyint(1) NOT NULL DEFAULT '0',
  `created` timestamp NOT NULL DEFAULT CURRENT_TIMESTAMP
) ENGINE=InnoDB DEFAULT CHARSET=utf8;

--
-- Indexes for dumped tables
--

--
-- Indexes for table `answers`
--
ALTER TABLE `answers`
  ADD PRIMARY KEY (`id`),
  ADD KEY `idx_id_question` (`id`,`question_id`),
  ADD KEY `question_id` (`question_id`);

--
-- Indexes for table `phinxlog`
--
ALTER TABLE `phinxlog`
  ADD PRIMARY KEY (`version`);

--
-- Indexes for table `questions`
--
ALTER TABLE `questions`
  ADD PRIMARY KEY (`id`),
  ADD KEY `idx_id_quiz` (`id`,`quiz_id`),
  ADD KEY `quiz_id` (`quiz_id`);

--
-- Indexes for table `quizzes`
--
ALTER TABLE `quizzes`
  ADD PRIMARY KEY (`id`);

--
-- Indexes for table `users`
--
ALTER TABLE `users`
  ADD PRIMARY KEY (`id`);

--
-- Indexes for table `user_answers`
--
ALTER TABLE `user_answers`
  ADD PRIMARY KEY (`id`),
  ADD KEY `idx_user_quiz` (`user_id`,`quiz_id`),
  ADD KEY `idx_user_question` (`user_id`,`question_id`),
  ADD KEY `idx_user_answer` (`user_id`,`answer_id`),
  ADD KEY `idx_user_quiz_question_answer` (`user_id`,`quiz_id`,`question_id`,`answer_id`),
  ADD KEY `quiz_id` (`quiz_id`),
  ADD KEY `question_id` (`question_id`),
  ADD KEY `answer_id` (`answer_id`);

--
-- AUTO_INCREMENT for dumped tables
--

--
-- AUTO_INCREMENT for table `answers`
--
ALTER TABLE `answers`
  MODIFY `id` int(11) NOT NULL AUTO_INCREMENT, AUTO_INCREMENT=1427;

--
-- AUTO_INCREMENT for table `questions`
--
ALTER TABLE `questions`
  MODIFY `id` int(11) NOT NULL AUTO_INCREMENT, AUTO_INCREMENT=215;

--
-- AUTO_INCREMENT for table `quizzes`
--
ALTER TABLE `quizzes`
  MODIFY `id` int(11) NOT NULL AUTO_INCREMENT, AUTO_INCREMENT=21;

--
-- AUTO_INCREMENT for table `users`
--
ALTER TABLE `users`
  MODIFY `id` int(11) NOT NULL AUTO_INCREMENT;

--
-- AUTO_INCREMENT for table `user_answers`
--
ALTER TABLE `user_answers`
  MODIFY `id` int(11) NOT NULL AUTO_INCREMENT;

--
-- Constraints for dumped tables
--

--
-- Constraints for table `answers`
--
ALTER TABLE `answers`
  ADD CONSTRAINT `answers_ibfk_1` FOREIGN KEY (`question_id`) REFERENCES `questions` (`id`);

--
-- Constraints for table `questions`
--
ALTER TABLE `questions`
  ADD CONSTRAINT `questions_ibfk_1` FOREIGN KEY (`quiz_id`) REFERENCES `quizzes` (`id`);

--
-- Constraints for table `user_answers`
--
ALTER TABLE `user_answers`
  ADD CONSTRAINT `user_answers_ibfk_1` FOREIGN KEY (`user_id`) REFERENCES `users` (`id`),
  ADD CONSTRAINT `user_answers_ibfk_2` FOREIGN KEY (`quiz_id`) REFERENCES `quizzes` (`id`),
  ADD CONSTRAINT `user_answers_ibfk_3` FOREIGN KEY (`question_id`) REFERENCES `questions` (`id`),
  ADD CONSTRAINT `user_answers_ibfk_4` FOREIGN KEY (`answer_id`) REFERENCES `answers` (`id`);
COMMIT;

/*!40101 SET CHARACTER_SET_CLIENT=@OLD_CHARACTER_SET_CLIENT */;
/*!40101 SET CHARACTER_SET_RESULTS=@OLD_CHARACTER_SET_RESULTS */;
/*!40101 SET COLLATION_CONNECTION=@OLD_COLLATION_CONNECTION */;
